female+AF8-Barcodes,male+AF8-barcodes
GGAGTCAAG,CATCACAAG
GAGGTCCT,GTAACG
CATGG,TGTCTCCT
CGCCTCAT,GTGCTACATT
GTTCGGT,GGCCTCG
ACACG,TTGGAC
TCCGT,TGTGTGAT
TTCTCC,CCTGAGAC
TAATTG,CCACAG
CATCTGCCG,CGCATG
ATGCT,GATCAT
TGTACC,GGAGAGCAT
TAGCTAT,CGCCG
ACTACAAT,GGCCC
CTTATG,AACAGACATT
GCCGCAAT,ACGACACC
CGCAAGC,GCGCAGAC
TATAAGCAG,GTCATG
CTGCCGT,GCTAT
TTATTACAT,TTCAAGCAT
ATCTCGT,ACGATCCG
ATTCCAC,ATGTG
AAGCAACT,TACAAG
CAGCGCAAGC,CCAGGCAACC
GACTAACT,TTCACG
TAGAG,AACAGCACT
CATAAG,TCTCT
ACACAACC,CTACC
ATTCC,CTAACGAAT
CAGATC,TCGTCC
TTCCC,CAGAGACATT
GACAACT,GAGAT
GACACACT,TCCAG
ACCGC,CACAACAAGT
GCTCGCCAT,ACGTT
ATGGTGC,TGATAAT
GGCAT,AAGCG
TTGAGACAG,ATAGACCG
AACGCACATT,CGTTGGT
ATATT,TCGCG
ACATGCCAG,CGTCC
GAGCGCT,CTTGTAT
CTCGCAC,TGTGGC
CGCGT,ACTGG
GTAAG,AATCT
TGTACCAG,GTTGGAAG
TATTGCAG,ATCCTG
ATTAT,GAATT
CCGACG,TCGGCG
ACCGTCCAT,CGGCGGCCT
GTCTCAACG,TAGTT
TGCCTC,TAGTCCAT
TAATTAC,TGTAG
TGGACACT,GTAATACAG
CATACGCG,GCTCTGCGC
TGATCGCT,CAGACCAAGT
CACCC,CAGGTAC
TGTACGCC,GTCTTACT
ATCTGACT,TTGAC
TGGTCAAG,TGGCT
GCGTGCCAGC,GGATTG
CCGCC,CAGCT
AAGGCCAACT,TGTTAGCT
TGTGAGG,TTAGAG
TGTCAAT,ATCAC
GCAAGCCAT,GGACCGCAC
CTATCACT,TGACCG
TGCGG,CTCGTGT
TTGGCGCT,TTGCACCAG
GTCACGC,GAGTCACAAT
ACCAAG,CTCGG
CCGAT,GATTC
TCGTGACAGT,CCGTTCC
ACTCCACG,GTAGGCC
TGTTGACG,AATGGCC
CCACTCC,TCAACACT
TCCTGCT,GCACT
CTGAACCC,CACGGCCT
ACTAC,TAGGTG
GTTCACC,TCAGTAAT
AACGACCACC,GGAGG
CCATCCAC,CTTGGCAG
TCCTCCC,GTAGC
AATTG,GCGAG
GGTTG,TGTATG
CAGAGGT,ATGTACCG
TACCT,CAGAC
GGCTTC,CAGGCACAGC
GAAGCC,ACCTG
TAGATGC,TGAGC
TGAAT,CCTTC
GGACAG,CGCAGACACT
GCCAACAAGC,CGCGCCG
GAAGTG,TGGAGCCT
GAGCGACAT,TCCTCACAT
GCGCTCC,CCATG
AATTAG,TTCAGCCAGT
CGCACCAATT,AACTGAAG
CTAAGCC,TGGATC
TCACGGAAG,CGTGACCT
GCGTACAAT,GACGTGC
AACGTGCCT,CGGTTGCAT
TGGCCAG,CAATC
CATAT,TCACC
ATCTGT,AATGCAG
TGCCGCAT,CTAACC
TAGCGGAT,GATGGCCAT
CCTTGCCATT,TCGTC
ACTGCGAT,CGCTCACACC
GCCTACCT,TGAAGCAACT
GGAACGC,GATTCC
CTCGCGG,ATAGCGT
TATCC,CTTCAGC
ACGCGCG,TTATCCAT
CCTCG,GACGGCC
GCACGAT,TGTGACAAGC
GTGACACAT,GTCGT
AAGACGCT,CCGTGC
CGTGTCC,GGCCTG
TATTCGCAT,TGCAC
TGCTT,GTATTGACT
GGTATC,TGTTACG
TTCGTT,ACAACGCAT
ACAACT,CAAGCCAATT
AACTGG,AACTT
TAGCCAC,CCATAGC
GTCGCCT,ATCTGCAACC
CTCAT,CGTCTG
TTGCTG,GTCCTGCCC
TATGT,ACGCTAC
GAATGCAATC,GCCAGACATT
ACCAGGC,TGACGT
CAACCACACC,AACGG
ATAGAT,GCGCGAG
TCTTGG,GATTGGAAGC
ATATAC,CTGTTG
ACTGCT,GGCGGACGC
ATGAGCAC,CAATCAT
ATATCGCCC,GGCACGCAT
AATAACCAC,AAGGC
ACGGTACT,TCTGC
CGCAACCAGT,GTTACC
CTCTCGCAT,ATAGG
CAGTGCCATT,GTGCG
TAGCAG,ACTGAG
GCTCCGC,GAGACG
CCGAACC,TAAGACC
GGTGT,GCTCC
TGGCAACAGC,AATAAGAGT
CGTGGACAGT,ATCGTACGT
CTTGC,ACATCACCG
CTCTC,GTGTT
AATGAACGC,TTACT
ATGGCAC,ATCTTC
GCGCCG,GCGGC
TCACTG,CCTGCCC
ACAACCAACT,TTACACC
ATCCG,CTGTGT
TCAGAGAT,CTTATCC
GGAAGACAT,ACGATC
GGATC,GAGCAC
CTCGTCG,AATGTC
TGGCACAGC,TTGCGCT
GCGTCCT,ATTAACAATT
TCCGAG,CCTTCG
GGTGCACATT,TGTATACAG
CGTCGCCACT,ATGATACG
CAAGT,AATCGGAGG
ACAGT,GGTATGAAT
TGCAGC,CCGTCACAGT
CTTAG,GGTAAGCC
CGTTCC,CCGTACCACT
CTCTCCAG,CAGTAC
GAACTT,CTTCCGCAC
TCTCCGT,GTACGGACG
TCTCCGT,AACCTC
,GCGCTT
,ATAAGG